word	nodeType	synsetCount	unit	count
MORE	ADJ	5	shining-dialogue	2
Most	ADJ	5	shining-dialogue	2
able	ADJ	4	shining-dialogue	4
about	ADJ	8	shining-dialogue	2
advisory	ADJ	2	shining-dialogue	2
advocaat	ADJ	0	shining-dialogue	4
afraid	ADJ	4	shining-dialogue	8
akin	ADJ	2	shining-dialogue	2
alive	ADJ	7	shining-dialogue	2
amazing	ADJ	4	shining-dialogue	4
american	ADJ	5	shining-dialogue	2
asleep	ADJ	5	shining-dialogue	18
authentic	ADJ	2	shining-dialogue	2
aware	ADJ	2	shining-dialogue	2
awful	ADJ	7	shining-dialogue	4
bad	ADJ	17	shining-dialogue	16
bare	ADJ	13	shining-dialogue	2
basic	ADJ	6	shining-dialogue	2
beautiful	ADJ	2	shining-dialogue	12
big	ADJ	17	shining-dialogue	16
black	ADJ	22	shining-dialogue	4
blade	ADJ	9	shining-dialogue	2
bloodstained	ADJ	1	shining-dialogue	8
bold	ADJ	4	shining-dialogue	2
bottom	ADJ	12	shining-dialogue	4
bright	ADJ	11	shining-dialogue	2
busy	ADJ	6	shining-dialogue	4
chiny	ADJ	0	shining-dialogue	2
claustrophobic	ADJ	2	shining-dialogue	2
clean	ADJ	31	shining-dialogue	4
clear	ADJ	45	shining-dialogue	4
close	ADJ	37	shining-dialogue	2
closed	ADJ	26	shining-dialogue	2
cold	ADJ	16	shining-dialogue	4
comfortable	ADJ	5	shining-dialogue	2
complete	ADJ	10	shining-dialogue	6
concerned	ADJ	5	shining-dialogue	4
confirmed	ADJ	7	shining-dialogue	2
confused	ADJ	10	shining-dialogue	2
corridor	ADJ	1	shining-dialogue	2
costly	ADJ	2	shining-dialogue	2
crazy	ADJ	6	shining-dialogue	4
crowded	ADJ	5	shining-dialogue	4
cruel	ADJ	1	shining-dialogue	2
d	ADJ	4	shining-dialogue	2
daily	ADJ	5	shining-dialogue	2
damn	ADJ	5	shining-dialogue	2
dead	ADJ	21	shining-dialogue	8
definite	ADJ	2	shining-dialogue	2
demanding	ADJ	7	shining-dialogue	2
different	ADJ	5	shining-dialogue	12
dizzy	ADJ	3	shining-dialogue	2
due	ADJ	7	shining-dialogue	2
dull	ADJ	19	shining-dialogue	7
early	ADJ	9	shining-dialogue	2
easy	ADJ	15	shining-dialogue	2
elderly	ADJ	2	shining-dialogue	10
emotional	ADJ	4	shining-dialogue	2
empty	ADJ	10	shining-dialogue	14
enormous	ADJ	1	shining-dialogue	4
entire	ADJ	5	shining-dialogue	2
ethical	ADJ	3	shining-dialogue	2
extra	ADJ	7	shining-dialogue	2
famous	ADJ	1	shining-dialogue	2
fantastic	ADJ	5	shining-dialogue	4
fascinated	ADJ	4	shining-dialogue	2
favorite	ADJ	5	shining-dialogue	4
feasible	ADJ	1	shining-dialogue	2
few	ADJ	2	shining-dialogue	26
fine	ADJ	10	shining-dialogue	12
first	ADJ	16	shining-dialogue	10
front	ADJ	13	shining-dialogue	14
fucking	ADJ	4	shining-dialogue	8
funny	ADJ	5	shining-dialogue	2
general	ADJ	10	shining-dialogue	2
glad	ADJ	5	shining-dialogue	8
goddam	ADJ	2	shining-dialogue	10
goddamned	ADJ	2	shining-dialogue	2
gold	ADJ	7	shining-dialogue	2
good	ADJ	27	shining-dialogue	74
gorgeous	ADJ	1	shining-dialogue	4
great	ADJ	7	shining-dialogue	18
grouchy	ADJ	1	shining-dialogue	4
half	ADJ	6	shining-dialogue	4
happy	ADJ	4	shining-dialogue	4
hard	ADJ	22	shining-dialogue	4
harsh	ADJ	6	shining-dialogue	2
heated	ADJ	6	shining-dialogue	2
heavy	ADJ	30	shining-dialogue	4
hectic	ADJ	1	shining-dialogue	2
high	ADJ	18	shining-dialogue	4
hon	ADJ	0	shining-dialogue	2
horrible	ADJ	1	shining-dialogue	2
hot	ADJ	21	shining-dialogue	2
hungry	ADJ	2	shining-dialogue	2
illustrious	ADJ	2	shining-dialogue	2
imaginary	ADJ	2	shining-dialogue	4
important	ADJ	5	shining-dialogue	2
impossible	ADJ	4	shining-dialogue	2
incredible	ADJ	1	shining-dialogue	2
indian	ADJ	5	shining-dialogue	6
inner	ADJ	6	shining-dialogue	2
irreparable	ADJ	1	shining-dialogue	2
jammed	ADJ	8	shining-dialogue	2
l.ear	ADJ	0	shining-dialogue	2
last	ADJ	21	shining-dialogue	6
least	ADJ	3	shining-dialogue	4
less	ADJ	5	shining-dialogue	2
light	ADJ	47	shining-dialogue	4
little	ADJ	10	shining-dialogue	36
local	ADJ	5	shining-dialogue	4
long	ADJ	12	shining-dialogue	6
many	ADJ	1	shining-dialogue	4
married	ADJ	5	shining-dialogue	2
marvellous	ADJ	3	shining-dialogue	2
melodramatic	ADJ	2	shining-dialogue	2
mental	ADJ	5	shining-dialogue	2
mid	ADJ	1	shining-dialogue	2
miserable	ADJ	6	shining-dialogue	2
momentary	ADJ	1	shining-dialogue	2
moral	ADJ	3	shining-dialogue	2
more	ADJ	5	shining-dialogue	8
most	ADJ	5	shining-dialogue	2
much	ADJ	7	shining-dialogue	6
muscular	ADJ	4	shining-dialogue	2
naked	ADJ	5	shining-dialogue	8
national	ADJ	8	shining-dialogue	2
naughty	ADJ	2	shining-dialogue	2
nervous	ADJ	5	shining-dialogue	2
new	ADJ	12	shining-dialogue	6
next	ADJ	4	shining-dialogue	6
nice	ADJ	6	shining-dialogue	14
normal	ADJ	5	shining-dialogue	2
off)(cont'd	ADJ	0	shining-dialogue	1
okay	ADJ	4	shining-dialogue	22
old	ADJ	9	shining-dialogue	12
only	ADJ	9	shining-dialogue	6
open	ADJ	36	shining-dialogue	76
opposite	ADJ	11	shining-dialogue	2
other	ADJ	4	shining-dialogue	22
outside	ADJ	14	shining-dialogue	2
outstretched	ADJ	1	shining-dialogue	4
oven	ADJ	1	shining-dialogue	2
own	ADJ	2	shining-dialogue	4
particular	ADJ	9	shining-dialogue	4
past	ADJ	6	shining-dialogue	2
pink	ADJ	7	shining-dialogue	2
pleased	ADJ	5	shining-dialogue	2
portable	ADJ	3	shining-dialogue	2
possible	ADJ	4	shining-dialogue	12
pretty	ADJ	3	shining-dialogue	2
quick	ADJ	8	shining-dialogue	4
ready	ADJ	8	shining-dialogue	6
real	ADJ	13	shining-dialogue	6
red	ADJ	7	shining-dialogue	2
regular	ADJ	17	shining-dialogue	2
resourceful	ADJ	1	shining-dialogue	2
revealing	ADJ	6	shining-dialogue	2
ridiculous	ADJ	3	shining-dialogue	2
right	ADJ	36	shining-dialogue	24
round	ADJ	25	shining-dialogue	4
run	ADJ	57	shining-dialogue	2
same	ADJ	6	shining-dialogue	2
scared	ADJ	4	shining-dialogue	8
scenic	ADJ	2	shining-dialogue	2
second	ADJ	15	shining-dialogue	6
serious	ADJ	6	shining-dialogue	6
several	ADJ	3	shining-dialogue	2
shuttered	ADJ	2	shining-dialogue	2
silly	ADJ	5	shining-dialogue	2
single	ADJ	10	shining-dialogue	4
slight	ADJ	5	shining-dialogue	2
slow	ADJ	11	shining-dialogue	2
small	ADJ	13	shining-dialogue	4
soiree	ADJ	1	shining-dialogue	2
solitary	ADJ	7	shining-dialogue	2
sorry	ADJ	4	shining-dialogue	6
splintered	ADJ	3	shining-dialogue	20
staggering	ADJ	5	shining-dialogue	2
strange	ADJ	3	shining-dialogue	4
strong	ADJ	10	shining-dialogue	2
sunny	ADJ	1	shining-dialogue	2
superimposed	ADJ	3	shining-dialogue	2
sure	ADJ	10	shining-dialogue	18
swell	ADJ	11	shining-dialogue	2
terrible	ADJ	4	shining-dialogue	2
tired	ADJ	6	shining-dialogue	4
top	ADJ	22	shining-dialogue	4
tremendous	ADJ	3	shining-dialogue	2
true	ADJ	15	shining-dialogue	2
typical	ADJ	3	shining-dialogue	2
uncommon	ADJ	2	shining-dialogue	2
unreliable	ADJ	4	shining-dialogue	2
upper	ADJ	6	shining-dialogue	2
urgent	ADJ	1	shining-dialogue	2
various	ADJ	4	shining-dialogue	4
very	ADJ	4	shining-dialogue	2
well	ADJ	22	shining-dialogue	6
whole	ADJ	8	shining-dialogue	12
willful	ADJ	2	shining-dialogue	4
wise	ADJ	7	shining-dialogue	4
wonderful	ADJ	1	shining-dialogue	2
wrong	ADJ	13	shining-dialogue	6
yellow	ADJ	8	shining-dialogue	2
young	ADJ	14	shining-dialogue	16
-	ADJ	0	jacobs-ladder-script	2
20th	ADJ	1	jacobs-ladder-script	1
34th	ADJ	1	jacobs-ladder-script	2
46th	ADJ	1	jacobs-ladder-script	1
More	ADJ	5	jacobs-ladder-script	2
able	ADJ	4	jacobs-ladder-script	1
about	ADJ	8	jacobs-ladder-script	5
absent	ADJ	4	jacobs-ladder-script	1
absolute	ADJ	6	jacobs-ladder-script	2
active	ADJ	17	jacobs-ladder-script	1
additional	ADJ	1	jacobs-ladder-script	1
adolescent	ADJ	5	jacobs-ladder-script	1
afraid	ADJ	4	jacobs-ladder-script	5
african	ADJ	2	jacobs-ladder-script	1
aggressive	ADJ	3	jacobs-ladder-script	1
agitated	ADJ	8	jacobs-ladder-script	1
agonizing	ADJ	3	jacobs-ladder-script	1
agony	ADJ	2	jacobs-ladder-script	1
ajar	ADJ	1	jacobs-ladder-script	1
alien	ADJ	7	jacobs-ladder-script	1
alive	ADJ	7	jacobs-ladder-script	5
alone	ADJ	6	jacobs-ladder-script	3
alright	ADJ	4	jacobs-ladder-script	1
amazing	ADJ	4	jacobs-ladder-script	4
american	ADJ	5	jacobs-ladder-script	1
ancient	ADJ	4	jacobs-ladder-script	1
angry	ADJ	3	jacobs-ladder-script	9
animalistic	ADJ	1	jacobs-ladder-script	1
annoyed	ADJ	3	jacobs-ladder-script	2
anxious	ADJ	2	jacobs-ladder-script	1
appropriate	ADJ	3	jacobs-ladder-script	1
apt	ADJ	4	jacobs-ladder-script	1
archaic	ADJ	2	jacobs-ladder-script	1
armored	ADJ	4	jacobs-ladder-script	1
asleep	ADJ	5	jacobs-ladder-script	6
astounded	ADJ	2	jacobs-ladder-script	1
astounding	ADJ	3	jacobs-ladder-script	1
attractive	ADJ	3	jacobs-ladder-script	1
audible	ADJ	2	jacobs-ladder-script	1
augus-	ADJ	0	jacobs-ladder-script	1
awake	ADJ	3	jacobs-ladder-script	3
aware	ADJ	2	jacobs-ladder-script	1
awesome	ADJ	1	jacobs-ladder-script	2
back	ADJ	28	jacobs-ladder-script	3
bad	ADJ	17	jacobs-ladder-script	10
banal	ADJ	1	jacobs-ladder-script	1
barbaric	ADJ	2	jacobs-ladder-script	1
barren	ADJ	4	jacobs-ladder-script	1
barricaded	ADJ	4	jacobs-ladder-script	1
battered	ADJ	6	jacobs-ladder-script	1
beautiful	ADJ	2	jacobs-ladder-script	1
beefy	ADJ	1	jacobs-ladder-script	2
berserk	ADJ	2	jacobs-ladder-script	1
best	ADJ	43	jacobs-ladder-script	1
biblical	ADJ	2	jacobs-ladder-script	3
big	ADJ	17	jacobs-ladder-script	5
biological	ADJ	2	jacobs-ladder-script	1
bizarre	ADJ	1	jacobs-ladder-script	2
bizarro	ADJ	0	jacobs-ladder-script	1
black	ADJ	22	jacobs-ladder-script	12
blank	ADJ	8	jacobs-ladder-script	3
blasphemous	ADJ	2	jacobs-ladder-script	1
blue	ADJ	16	jacobs-ladder-script	3
bottom	ADJ	12	jacobs-ladder-script	1
bound	ADJ	27	jacobs-ladder-script	2
breathless	ADJ	3	jacobs-ladder-script	1
brief	ADJ	6	jacobs-ladder-script	2
bright	ADJ	11	jacobs-ladder-script	8
brighten	ADJ	2	jacobs-ladder-script	1
brilliant	ADJ	6	jacobs-ladder-script	5
brittle	ADJ	4	jacobs-ladder-script	1
buddhist	ADJ	2	jacobs-ladder-script	1
burst-	ADJ	0	jacobs-ladder-script	1
calm	ADJ	8	jacobs-ladder-script	1
capable	ADJ	5	jacobs-ladder-script	1
catacylsmic	ADJ	0	jacobs-ladder-script	1
celestial	ADJ	3	jacobs-ladder-script	2
certain	ADJ	7	jacobs-ladder-script	1
charred	ADJ	2	jacobs-ladder-script	1
chemical	ADJ	3	jacobs-ladder-script	1
chinese	ADJ	4	jacobs-ladder-script	1
clean	ADJ	31	jacobs-ladder-script	2
clear	ADJ	45	jacobs-ladder-script	2
clinical	ADJ	2	jacobs-ladder-script	1
close	ADJ	37	jacobs-ladder-script	6
closed	ADJ	26	jacobs-ladder-script	5
cloud	ADJ	14	jacobs-ladder-script	1
cluttered	ADJ	2	jacobs-ladder-script	1
cold	ADJ	16	jacobs-ladder-script	9
colored	ADJ	11	jacobs-ladder-script	1
comfortable	ADJ	5	jacobs-ladder-script	6
comforting	ADJ	4	jacobs-ladder-script	2
compassionate	ADJ	2	jacobs-ladder-script	2
compelling	ADJ	4	jacobs-ladder-script	2
concerned	ADJ	5	jacobs-ladder-script	2
confused	ADJ	10	jacobs-ladder-script	9
conscious	ADJ	3	jacobs-ladder-script	2
constant	ADJ	5	jacobs-ladder-script	1
consummate	ADJ	5	jacobs-ladder-script	2
continental	ADJ	4	jacobs-ladder-script	2
contradictory	ADJ	5	jacobs-ladder-script	2
convenient	ADJ	2	jacobs-ladder-script	1
convulsive	ADJ	2	jacobs-ladder-script	1
cool	ADJ	11	jacobs-ladder-script	1
corrupt	ADJ	8	jacobs-ladder-script	2
countless	ADJ	1	jacobs-ladder-script	1
cozy	ADJ	4	jacobs-ladder-script	2
crazy	ADJ	6	jacobs-ladder-script	9
crowded	ADJ	5	jacobs-ladder-script	3
crushed	ADJ	10	jacobs-ladder-script	1
curious	ADJ	3	jacobs-ladder-script	3
cute	ADJ	2	jacobs-ladder-script	1
dark	ADJ	16	jacobs-ladder-script	34
dawn	ADJ	6	jacobs-ladder-script	1
dazzling	ADJ	4	jacobs-ladder-script	3
dead	ADJ	21	jacobs-ladder-script	17
deep	ADJ	21	jacobs-ladder-script	2
defeatist	ADJ	1	jacobs-ladder-script	1
defiant	ADJ	1	jacobs-ladder-script	3
deliberate	ADJ	4	jacobs-ladder-script	1
delicate	ADJ	7	jacobs-ladder-script	2
delirious	ADJ	2	jacobs-ladder-script	3
demonic	ADJ	1	jacobs-ladder-script	5
dense	ADJ	4	jacobs-ladder-script	3
deserted	ADJ	4	jacobs-ladder-script	2
desperate	ADJ	7	jacobs-ladder-script	2
devastating	ADJ	5	jacobs-ladder-script	3
different	ADJ	5	jacobs-ladder-script	2
difficult	ADJ	2	jacobs-ladder-script	1
dimensional	ADJ	2	jacobs-ladder-script	4
dingy	ADJ	3	jacobs-ladder-script	2
direct	ADJ	24	jacobs-ladder-script	1
disgust	ADJ	3	jacobs-ladder-script	1
disgusted	ADJ	3	jacobs-ladder-script	1
disheveled	ADJ	2	jacobs-ladder-script	1
disinterested	ADJ	1	jacobs-ladder-script	1
distant	ADJ	5	jacobs-ladder-script	2
distorted	ADJ	7	jacobs-ladder-script	1
distracted	ADJ	3	jacobs-ladder-script	1
disturbed	ADJ	9	jacobs-ladder-script	1
doc-	ADJ	0	jacobs-ladder-script	1
domineering	ADJ	2	jacobs-ladder-script	1
dorsal	ADJ	2	jacobs-ladder-script	1
double	ADJ	21	jacobs-ladder-script	2
down	ADJ	26	jacobs-ladder-script	1
downward	ADJ	3	jacobs-ladder-script	1
drugged	ADJ	3	jacobs-ladder-script	1
dumbfounded	ADJ	2	jacobs-ladder-script	1
early	ADJ	9	jacobs-ladder-script	4
easy	ADJ	15	jacobs-ladder-script	1
ecstatic	ADJ	1	jacobs-ladder-script	2
eerie	ADJ	2	jacobs-ladder-script	1
effective	ADJ	6	jacobs-ladder-script	1
electrical	ADJ	2	jacobs-ladder-script	1
elusive	ADJ	4	jacobs-ladder-script	1
embarrassed	ADJ	4	jacobs-ladder-script	2
empirical	ADJ	2	jacobs-ladder-script	1
empty	ADJ	10	jacobs-ladder-script	5
endless	ADJ	4	jacobs-ladder-script	3
enormous	ADJ	1	jacobs-ladder-script	2
enough	ADJ	3	jacobs-ladder-script	1
enternal	ADJ	0	jacobs-ladder-script	1
entire	ADJ	5	jacobs-ladder-script	6
erotic	ADJ	2	jacobs-ladder-script	2
eternal	ADJ	2	jacobs-ladder-script	1
ethereal	ADJ	4	jacobs-ladder-script	1
excited	ADJ	12	jacobs-ladder-script	2
exciting	ADJ	10	jacobs-ladder-script	2
excruciating	ADJ	3	jacobs-ladder-script	1
exhilarating	ADJ	3	jacobs-ladder-script	2
exotic	ADJ	2	jacobs-ladder-script	1
extra	ADJ	7	jacobs-ladder-script	1
extraordinary	ADJ	3	jacobs-ladder-script	1
eyed	ADJ	2	jacobs-ladder-script	1
faced	ADJ	10	jacobs-ladder-script	1
faint	ADJ	8	jacobs-ladder-script	1
fake	ADJ	8	jacobs-ladder-script	1
false	ADJ	11	jacobs-ladder-script	1
familiar	ADJ	7	jacobs-ladder-script	5
fantastic	ADJ	5	jacobs-ladder-script	2
far	ADJ	10	jacobs-ladder-script	2
fast	ADJ	15	jacobs-ladder-script	3
fatherly	ADJ	1	jacobs-ladder-script	1
fearful	ADJ	5	jacobs-ladder-script	2
featureless	ADJ	1	jacobs-ladder-script	1
fetal	ADJ	1	jacobs-ladder-script	1
few	ADJ	2	jacobs-ladder-script	10
fierce	ADJ	4	jacobs-ladder-script	1
fiery	ADJ	3	jacobs-ladder-script	4
fightin	ADJ	0	jacobs-ladder-script	1
final	ADJ	5	jacobs-ladder-script	4
fine	ADJ	10	jacobs-ladder-script	2
firm	ADJ	14	jacobs-ladder-script	1
first	ADJ	16	jacobs-ladder-script	12
fit	ADJ	16	jacobs-ladder-script	1
fitting	ADJ	15	jacobs-ladder-script	1
fixated	ADJ	4	jacobs-ladder-script	1
flat	ADJ	24	jacobs-ladder-script	2
fleshy	ADJ	2	jacobs-ladder-script	2
fluorescent	ADJ	3	jacobs-ladder-script	1
foolish	ADJ	2	jacobs-ladder-script	2
forward	ADJ	12	jacobs-ladder-script	1
frayed	ADJ	3	jacobs-ladder-script	2
french	ADJ	5	jacobs-ladder-script	1
frenzied	ADJ	2	jacobs-ladder-script	2
fresh	ADJ	13	jacobs-ladder-script	4
friendly	ADJ	5	jacobs-ladder-script	1
frightened	ADJ	4	jacobs-ladder-script	12
frightening	ADJ	4	jacobs-ladder-script	4
front	ADJ	13	jacobs-ladder-script	3
frozen	ADJ	17	jacobs-ladder-script	2
fuckin	ADJ	0	jacobs-ladder-script	2
fucking	ADJ	4	jacobs-ladder-script	8
full	ADJ	13	jacobs-ladder-script	11
fundamental	ADJ	5	jacobs-ladder-script	1
funny	ADJ	5	jacobs-ladder-script	4
furious	ADJ	3	jacobs-ladder-script	3
garish	ADJ	1	jacobs-ladder-script	1
gay	ADJ	7	jacobs-ladder-script	1
gelatinous	ADJ	1	jacobs-ladder-script	1
generous	ADJ	3	jacobs-ladder-script	1
gentle	ADJ	10	jacobs-ladder-script	2
gettin	ADJ	0	jacobs-ladder-script	5
giant	ADJ	8	jacobs-ladder-script	2
gigantic	ADJ	1	jacobs-ladder-script	1
glad	ADJ	5	jacobs-ladder-script	4
glimmer	ADJ	3	jacobs-ladder-script	1
glorious	ADJ	3	jacobs-ladder-script	2
goddamn	ADJ	3	jacobs-ladder-script	5
golden	ADJ	6	jacobs-ladder-script	1
good	ADJ	27	jacobs-ladder-script	18
grand	ADJ	10	jacobs-ladder-script	2
grateful	ADJ	2	jacobs-ladder-script	1
gray	ADJ	15	jacobs-ladder-script	4
great	ADJ	7	jacobs-ladder-script	10
green	ADJ	14	jacobs-ladder-script	4
guilty	ADJ	2	jacobs-ladder-script	1
hallucinogenic	ADJ	1	jacobs-ladder-script	2
happenin	ADJ	0	jacobs-ladder-script	1
happy	ADJ	4	jacobs-ladder-script	5
hard	ADJ	22	jacobs-ladder-script	8
headless	ADJ	2	jacobs-ladder-script	1
healthy	ADJ	5	jacobs-ladder-script	4
heavy	ADJ	30	jacobs-ladder-script	7
heavyset	ADJ	1	jacobs-ladder-script	1
hellish	ADJ	2	jacobs-ladder-script	1
hemorrhoid	ADJ	1	jacobs-ladder-script	1
hideous	ADJ	2	jacobs-ladder-script	1
high	ADJ	18	jacobs-ladder-script	9
hippie	ADJ	1	jacobs-ladder-script	1
hooved	ADJ	1	jacobs-ladder-script	2
horizontal	ADJ	2	jacobs-ladder-script	1
horny	ADJ	3	jacobs-ladder-script	1
horrible	ADJ	1	jacobs-ladder-script	4
horrifying	ADJ	2	jacobs-ladder-script	1
hot	ADJ	21	jacobs-ladder-script	5
huge	ADJ	1	jacobs-ladder-script	26
human	ADJ	4	jacobs-ladder-script	11
hypnotic	ADJ	3	jacobs-ladder-script	2
hysterical	ADJ	2	jacobs-ladder-script	1
icy	ADJ	4	jacobs-ladder-script	2
idyllic	ADJ	2	jacobs-ladder-script	2
imaginative	ADJ	1	jacobs-ladder-script	1
immediate	ADJ	5	jacobs-ladder-script	1
impenetrable	ADJ	3	jacobs-ladder-script	1
impersonal	ADJ	2	jacobs-ladder-script	1
important	ADJ	5	jacobs-ladder-script	1
imposing	ADJ	5	jacobs-ladder-script	2
impossible	ADJ	4	jacobs-ladder-script	5
individual	ADJ	6	jacobs-ladder-script	1
industrial	ADJ	4	jacobs-ladder-script	1
inevitable	ADJ	3	jacobs-ladder-script	1
inexpensive	ADJ	1	jacobs-ladder-script	1
infinite	ADJ	5	jacobs-ladder-script	3
ing	ADJ	0	jacobs-ladder-script	2
inner	ADJ	6	jacobs-ladder-script	5
innocent	ADJ	8	jacobs-ladder-script	2
insensitive	ADJ	2	jacobs-ladder-script	1
insistent	ADJ	2	jacobs-ladder-script	5
instant	ADJ	5	jacobs-ladder-script	1
intact	ADJ	4	jacobs-ladder-script	1
intense	ADJ	3	jacobs-ladder-script	6
interested	ADJ	5	jacobs-ladder-script	1
interior	ADJ	8	jacobs-ladder-script	1
intimate	ADJ	9	jacobs-ladder-script	2
intricate	ADJ	1	jacobs-ladder-script	1
joyous	ADJ	1	jacobs-ladder-script	1
jubilant	ADJ	2	jacobs-ladder-script	1
judgemental	ADJ	0	jacobs-ladder-script	1
juicy	ADJ	4	jacobs-ladder-script	1
kind	ADJ	4	jacobs-ladder-script	1
large	ADJ	11	jacobs-ladder-script	12
last	ADJ	21	jacobs-ladder-script	9
late	ADJ	11	jacobs-ladder-script	5
lazy	ADJ	2	jacobs-ladder-script	1
least	ADJ	3	jacobs-ladder-script	3
left	ADJ	24	jacobs-ladder-script	3
lifeless	ADJ	4	jacobs-ladder-script	1
light	ADJ	47	jacobs-ladder-script	9
like	ADJ	11	jacobs-ladder-script	6
liquid	ADJ	11	jacobs-ladder-script	1
literary	ADJ	3	jacobs-ladder-script	1
little	ADJ	10	jacobs-ladder-script	12
live	ADJ	19	jacobs-ladder-script	1
lively	ADJ	6	jacobs-ladder-script	1
local	ADJ	5	jacobs-ladder-script	1
lone	ADJ	3	jacobs-ladder-script	1
lonely	ADJ	4	jacobs-ladder-script	1
long	ADJ	12	jacobs-ladder-script	22
lookin	ADJ	0	jacobs-ladder-script	1
loose	ADJ	18	jacobs-ladder-script	3
loud	ADJ	4	jacobs-ladder-script	6
lovely	ADJ	3	jacobs-ladder-script	3
low	ADJ	16	jacobs-ladder-script	7
lucky	ADJ	3	jacobs-ladder-script	7
ludicrous	ADJ	2	jacobs-ladder-script	1
lunar	ADJ	1	jacobs-ladder-script	1
maddening	ADJ	4	jacobs-ladder-script	1
magical	ADJ	1	jacobs-ladder-script	1
main	ADJ	5	jacobs-ladder-script	4
majestic	ADJ	3	jacobs-ladder-script	2
many	ADJ	1	jacobs-ladder-script	13
marked	ADJ	18	jacobs-ladder-script	1
married	ADJ	5	jacobs-ladder-script	3
massive	ADJ	4	jacobs-ladder-script	3
menacing	ADJ	4	jacobs-ladder-script	1
mental	ADJ	5	jacobs-ladder-script	1
messed	ADJ	2	jacobs-ladder-script	1
metallic	ADJ	3	jacobs-ladder-script	1
mid-	ADJ	0	jacobs-ladder-script	1
military	ADJ	4	jacobs-ladder-script	1
minf	ADJ	0	jacobs-ladder-script	1
miraculous	ADJ	2	jacobs-ladder-script	1
mobile	ADJ	8	jacobs-ladder-script	1
modern	ADJ	7	jacobs-ladder-script	1
momentary	ADJ	1	jacobs-ladder-script	1
monolithic	ADJ	2	jacobs-ladder-script	1
more	ADJ	5	jacobs-ladder-script	15
motionless	ADJ	1	jacobs-ladder-script	6
mournful	ADJ	2	jacobs-ladder-script	2
much	ADJ	7	jacobs-ladder-script	6
muffled	ADJ	4	jacobs-ladder-script	2
muscular	ADJ	4	jacobs-ladder-script	1
musical	ADJ	5	jacobs-ladder-script	2
mythic	ADJ	2	jacobs-ladder-script	2
naked	ADJ	5	jacobs-ladder-script	6
narrow	ADJ	10	jacobs-ladder-script	1
national	ADJ	8	jacobs-ladder-script	1
near	ADJ	9	jacobs-ladder-script	1
nearby	ADJ	2	jacobs-ladder-script	1
nervous	ADJ	5	jacobs-ladder-script	4
new	ADJ	12	jacobs-ladder-script	16
newborn	ADJ	3	jacobs-ladder-script	1
next	ADJ	4	jacobs-ladder-script	12
nice	ADJ	6	jacobs-ladder-script	1
ninny	ADJ	1	jacobs-ladder-script	1
normal	ADJ	5	jacobs-ladder-script	4
nude	ADJ	5	jacobs-ladder-script	1
obscure	ADJ	11	jacobs-ladder-script	2
obsessive	ADJ	2	jacobs-ladder-script	1
obvious	ADJ	1	jacobs-ladder-script	4
occasional	ADJ	4	jacobs-ladder-script	2
odd	ADJ	6	jacobs-ladder-script	1
offensive	ADJ	8	jacobs-ladder-script	3
officious	ADJ	1	jacobs-ladder-script	1
oily	ADJ	4	jacobs-ladder-script	2
okay	ADJ	4	jacobs-ladder-script	16
old	ADJ	9	jacobs-ladder-script	17
oncoming	ADJ	2	jacobs-ladder-script	1
only	ADJ	9	jacobs-ladder-script	11
oozing	ADJ	4	jacobs-ladder-script	1
open	ADJ	36	jacobs-ladder-script	21
orange	ADJ	6	jacobs-ladder-script	1
organic	ADJ	7	jacobs-ladder-script	1
orgiastic	ADJ	2	jacobs-ladder-script	1
original	ADJ	6	jacobs-ladder-script	1
orthodontist	ADJ	1	jacobs-ladder-script	1
orthopedic	ADJ	1	jacobs-ladder-script	1
other	ADJ	4	jacobs-ladder-script	45
out	ADJ	17	jacobs-ladder-script	1
out-	ADJ	0	jacobs-ladder-script	1
overgrown	ADJ	5	jacobs-ladder-script	1
overhead	ADJ	9	jacobs-ladder-script	3
own	ADJ	2	jacobs-ladder-script	23
painful	ADJ	4	jacobs-ladder-script	2
pale	ADJ	7	jacobs-ladder-script	1
paranoid	ADJ	2	jacobs-ladder-script	1
parked	ADJ	3	jacobs-ladder-script	1
particular	ADJ	9	jacobs-ladder-script	2
pastel	ADJ	3	jacobs-ladder-script	1
pathetic	ADJ	3	jacobs-ladder-script	1
pathological	ADJ	3	jacobs-ladder-script	1
perverse	ADJ	3	jacobs-ladder-script	2
phenomenal	ADJ	2	jacobs-ladder-script	1
physical	ADJ	7	jacobs-ladder-script	2
pink	ADJ	7	jacobs-ladder-script	1
pitched	ADJ	14	jacobs-ladder-script	1
pitiful	ADJ	3	jacobs-ladder-script	1
plastic	ADJ	5	jacobs-ladder-script	4
playful	ADJ	1	jacobs-ladder-script	1
pleasant	ADJ	2	jacobs-ladder-script	1
pleased	ADJ	5	jacobs-ladder-script	1
plod	ADJ	2	jacobs-ladder-script	1
plush	ADJ	2	jacobs-ladder-script	1
pointed	ADJ	16	jacobs-ladder-script	1
positive	ADJ	13	jacobs-ladder-script	1
possible	ADJ	4	jacobs-ladder-script	1
postal	ADJ	1	jacobs-ladder-script	5
potential	ADJ	4	jacobs-ladder-script	1
powerful	ADJ	6	jacobs-ladder-script	9
practical	ADJ	4	jacobs-ladder-script	1
pre	ADJ	0	jacobs-ladder-script	1
precise	ADJ	2	jacobs-ladder-script	1
pregnant	ADJ	3	jacobs-ladder-script	1
preternatural	ADJ	2	jacobs-ladder-script	1
primal	ADJ	2	jacobs-ladder-script	2
primordial	ADJ	1	jacobs-ladder-script	1
private	ADJ	5	jacobs-ladder-script	1
psychiatric	ADJ	1	jacobs-ladder-script	1
psychological	ADJ	2	jacobs-ladder-script	1
puffy	ADJ	3	jacobs-ladder-script	2
punish-	ADJ	0	jacobs-ladder-script	1
pure	ADJ	7	jacobs-ladder-script	2
quick	ADJ	8	jacobs-ladder-script	2
quiet	ADJ	13	jacobs-ladder-script	7
radiant	ADJ	1	jacobs-ladder-script	4
rainy	ADJ	1	jacobs-ladder-script	1
random	ADJ	1	jacobs-ladder-script	1
rapid	ADJ	3	jacobs-ladder-script	2
rapt	ADJ	1	jacobs-ladder-script	1
raw	ADJ	14	jacobs-ladder-script	2
ready	ADJ	8	jacobs-ladder-script	4
real	ADJ	13	jacobs-ladder-script	11
rear	ADJ	11	jacobs-ladder-script	4
reasonable	ADJ	3	jacobs-ladder-script	3
reception	ADJ	5	jacobs-ladder-script	1
recognizable	ADJ	2	jacobs-ladder-script	1
red	ADJ	7	jacobs-ladder-script	9
reddish	ADJ	1	jacobs-ladder-script	2
reflective	ADJ	3	jacobs-ladder-script	1
regular	ADJ	17	jacobs-ladder-script	1
remarkable	ADJ	2	jacobs-ladder-script	2
reptilian	ADJ	2	jacobs-ladder-script	1
restless	ADJ	3	jacobs-ladder-script	1
rican	ADJ	0	jacobs-ladder-script	1
ridiculous	ADJ	3	jacobs-ladder-script	1
right	ADJ	36	jacobs-ladder-script	30
rocky	ADJ	4	jacobs-ladder-script	2
romantic	ADJ	5	jacobs-ladder-script	2
rough	ADJ	18	jacobs-ladder-script	1
rusty	ADJ	4	jacobs-ladder-script	1
sad	ADJ	3	jacobs-ladder-script	1
safe	ADJ	7	jacobs-ladder-script	2
same	ADJ	6	jacobs-ladder-script	11
satisfied	ADJ	5	jacobs-ladder-script	1
scared	ADJ	4	jacobs-ladder-script	4
sdiren	ADJ	0	jacobs-ladder-script	1
second	ADJ	15	jacobs-ladder-script	2
secret	ADJ	14	jacobs-ladder-script	2
secure	ADJ	11	jacobs-ladder-script	1
semi	ADJ	3	jacobs-ladder-script	1
sensual	ADJ	2	jacobs-ladder-script	4
separate	ADJ	19	jacobs-ladder-script	1
serene	ADJ	2	jacobs-ladder-script	1
serious	ADJ	6	jacobs-ladder-script	2
several	ADJ	3	jacobs-ladder-script	15
sexual	ADJ	3	jacobs-ladder-script	1
sexy	ADJ	2	jacobs-ladder-script	1
shadowy	ADJ	3	jacobs-ladder-script	1
shallow	ADJ	6	jacobs-ladder-script	2
sharp	ADJ	15	jacobs-ladder-script	4
shimmering	ADJ	2	jacobs-ladder-script	2
shocked	ADJ	8	jacobs-ladder-script	3
shocking	ADJ	9	jacobs-ladder-script	3
short	ADJ	23	jacobs-ladder-script	4
sick	ADJ	9	jacobs-ladder-script	2
significant	ADJ	4	jacobs-ladder-script	1
silent	ADJ	6	jacobs-ladder-script	1
simple	ADJ	9	jacobs-ladder-script	4
sincere	ADJ	2	jacobs-ladder-script	2
sleazy	ADJ	3	jacobs-ladder-script	1
sleepy	ADJ	1	jacobs-ladder-script	2
slight	ADJ	5	jacobs-ladder-script	1
slimy	ADJ	2	jacobs-ladder-script	1
slipped	ADJ	11	jacobs-ladder-script	1
small	ADJ	13	jacobs-ladder-script	10
smokey	ADJ	0	jacobs-ladder-script	1
smoky	ADJ	2	jacobs-ladder-script	1
smooth	ADJ	12	jacobs-ladder-script	2
smug	ADJ	1	jacobs-ladder-script	1
social	ADJ	7	jacobs-ladder-script	2
soft	ADJ	20	jacobs-ladder-script	2
solid	ADJ	18	jacobs-ladder-script	4
somber	ADJ	2	jacobs-ladder-script	2
soporific	ADJ	3	jacobs-ladder-script	1
sorry	ADJ	4	jacobs-ladder-script	9
sparkle	ADJ	7	jacobs-ladder-script	1
sparkling	ADJ	7	jacobs-ladder-script	2
spastic	ADJ	4	jacobs-ladder-script	3
special	ADJ	10	jacobs-ladder-script	1
specific	ADJ	6	jacobs-ladder-script	1
spectacular	ADJ	4	jacobs-ladder-script	2
spiked	ADJ	7	jacobs-ladder-script	2
spindly	ADJ	1	jacobs-ladder-script	1
spine	ADJ	5	jacobs-ladder-script	2
spiritual	ADJ	5	jacobs-ladder-script	1
spontaneous	ADJ	2	jacobs-ladder-script	1
stark	ADJ	6	jacobs-ladder-script	1
starry	ADJ	1	jacobs-ladder-script	2
startled	ADJ	3	jacobs-ladder-script	3
stepping	ADJ	10	jacobs-ladder-script	1
sterile	ADJ	3	jacobs-ladder-script	1
stern	ADJ	7	jacobs-ladder-script	1
strange	ADJ	3	jacobs-ladder-script	23
stroboscopic	ADJ	0	jacobs-ladder-script	1
strong	ADJ	10	jacobs-ladder-script	4
stunned	ADJ	6	jacobs-ladder-script	4
stunning	ADJ	7	jacobs-ladder-script	2
sub-	ADJ	0	jacobs-ladder-script	1
subtle	ADJ	3	jacobs-ladder-script	2
such	ADJ	2	jacobs-ladder-script	9
sudden	ADJ	1	jacobs-ladder-script	14
sunlit	ADJ	1	jacobs-ladder-script	1
superhuman	ADJ	1	jacobs-ladder-script	1
superior	ADJ	13	jacobs-ladder-script	1
sure	ADJ	10	jacobs-ladder-script	8
surgical	ADJ	3	jacobs-ladder-script	4
surprised	ADJ	4	jacobs-ladder-script	17
surprising	ADJ	4	jacobs-ladder-script	3
sweet	ADJ	16	jacobs-ladder-script	2
talkin	ADJ	0	jacobs-ladder-script	1
tall	ADJ	5	jacobs-ladder-script	2
tangible	ADJ	4	jacobs-ladder-script	1
tawdry	ADJ	2	jacobs-ladder-script	1
tender	ADJ	18	jacobs-ladder-script	1
tense	ADJ	8	jacobs-ladder-script	3
terrible	ADJ	4	jacobs-ladder-script	11
terrific	ADJ	3	jacobs-ladder-script	3
terrified	ADJ	2	jacobs-ladder-script	3
terrifying	ADJ	2	jacobs-ladder-script	5
thick	ADJ	13	jacobs-ladder-script	3
thin	ADJ	13	jacobs-ladder-script	1
thinkin	ADJ	0	jacobs-ladder-script	1
threatening	ADJ	5	jacobs-ladder-script	2
three-	ADJ	0	jacobs-ladder-script	1
thrilling	ADJ	6	jacobs-ladder-script	1
tiny	ADJ	1	jacobs-ladder-script	7
tired	ADJ	6	jacobs-ladder-script	3
tnought	ADJ	0	jacobs-ladder-script	1
top	ADJ	22	jacobs-ladder-script	1
tortured	ADJ	3	jacobs-ladder-script	1
total	ADJ	7	jacobs-ladder-script	10
traditional	ADJ	2	jacobs-ladder-script	1
transcendental	ADJ	2	jacobs-ladder-script	2
transfigured	ADJ	2	jacobs-ladder-script	3
translucent	ADJ	1	jacobs-ladder-script	1
transmuted	ADJ	3	jacobs-ladder-script	1
true	ADJ	15	jacobs-ladder-script	1
tryin	ADJ	0	jacobs-ladder-script	2
ugly	ADJ	4	jacobs-ladder-script	1
ultimate	ADJ	3	jacobs-ladder-script	1
unable	ADJ	3	jacobs-ladder-script	3
unadulterated	ADJ	2	jacobs-ladder-script	1
unbelievable	ADJ	2	jacobs-ladder-script	1
uncomfortable	ADJ	2	jacobs-ladder-script	8
unconscious	ADJ	4	jacobs-ladder-script	1
unconvincing	ADJ	2	jacobs-ladder-script	1
undefinable	ADJ	1	jacobs-ladder-script	1
unearthly	ADJ	2	jacobs-ladder-script	3
uneasy	ADJ	5	jacobs-ladder-script	1
unexpected	ADJ	1	jacobs-ladder-script	3
unfamiliar	ADJ	1	jacobs-ladder-script	1
unfocused	ADJ	2	jacobs-ladder-script	1
ungrateful	ADJ	2	jacobs-ladder-script	1
unhappy	ADJ	4	jacobs-ladder-script	1
unknown	ADJ	8	jacobs-ladder-script	1
unmade	ADJ	2	jacobs-ladder-script	1
unnatural	ADJ	3	jacobs-ladder-script	1
unpaved	ADJ	1	jacobs-ladder-script	1
unrecognizable	ADJ	1	jacobs-ladder-script	1
unrelenting	ADJ	3	jacobs-ladder-script	2
unrelieved	ADJ	1	jacobs-ladder-script	2
unseen	ADJ	2	jacobs-ladder-script	2
unsettling	ADJ	1	jacobs-ladder-script	1
unshaven	ADJ	1	jacobs-ladder-script	2
unspeakable	ADJ	3	jacobs-ladder-script	1
unstoppable	ADJ	1	jacobs-ladder-script	1
unsuccessful	ADJ	2	jacobs-ladder-script	1
untouched	ADJ	4	jacobs-ladder-script	1
unusual	ADJ	3	jacobs-ladder-script	1
upper	ADJ	6	jacobs-ladder-script	1
upset	ADJ	17	jacobs-ladder-script	5
urinal	ADJ	1	jacobs-ladder-script	1
usual	ADJ	2	jacobs-ladder-script	2
vast	ADJ	1	jacobs-ladder-script	5
vasuum	ADJ	0	jacobs-ladder-script	1
venetian	ADJ	2	jacobs-ladder-script	2
vertical	ADJ	6	jacobs-ladder-script	1
very	ADJ	4	jacobs-ladder-script	2
vibrating	ADJ	5	jacobs-ladder-script	1
vietnamese	ADJ	3	jacobs-ladder-script	4
violent	ADJ	5	jacobs-ladder-script	2
visible	ADJ	3	jacobs-ladder-script	3
vital	ADJ	4	jacobs-ladder-script	1
vivid	ADJ	4	jacobs-ladder-script	1
volatile	ADJ	5	jacobs-ladder-script	1
warm	ADJ	13	jacobs-ladder-script	4
weird	ADJ	3	jacobs-ladder-script	5
well	ADJ	22	jacobs-ladder-script	3
whacko	ADJ	1	jacobs-ladder-script	1
white	ADJ	25	jacobs-ladder-script	4
whole	ADJ	8	jacobs-ladder-script	17
wide	ADJ	11	jacobs-ladder-script	2
wild	ADJ	17	jacobs-ladder-script	7
willing	ADJ	6	jacobs-ladder-script	1
wobbly	ADJ	2	jacobs-ladder-script	1
"woman""s"	ADJ	0	jacobs-ladder-script	1
wonderful	ADJ	1	jacobs-ladder-script	3
wondrous	ADJ	2	jacobs-ladder-script	2
wooden	ADJ	2	jacobs-ladder-script	2
worldly	ADJ	2	jacobs-ladder-script	2
worried	ADJ	8	jacobs-ladder-script	1
worth	ADJ	5	jacobs-ladder-script	3
wrong	ADJ	13	jacobs-ladder-script	11
yellow	ADJ	8	jacobs-ladder-script	1
young	ADJ	14	jacobs-ladder-script	22
-shhhh	ADJ	0	mul-scrape	1
More	ADJ	5	mul-scrape	1
afraid	ADJ	4	mul-scrape	6
alone	ADJ	6	mul-scrape	1
anxious	ADJ	2	mul-scrape	1
awake	ADJ	3	mul-scrape	1
awful	ADJ	7	mul-scrape	3
bad	ADJ	17	mul-scrape	9
bastard	ADJ	4	mul-scrape	1
beautiful	ADJ	2	mul-scrape	3
big	ADJ	17	mul-scrape	5
black	ADJ	22	mul-scrape	2
broke	ADJ	60	mul-scrape	4
buggy	ADJ	3	mul-scrape	3
busy	ADJ	6	mul-scrape	2
careful	ADJ	5	mul-scrape	3
clear	ADJ	45	mul-scrape	2
close	ADJ	37	mul-scrape	3
comfortable	ADJ	5	mul-scrape	2
confortable	ADJ	0	mul-scrape	1
cruel	ADJ	1	mul-scrape	1
dahling	ADJ	0	mul-scrape	1
damned	ADJ	5	mul-scrape	2
dangerous	ADJ	2	mul-scrape	2
dark	ADJ	16	mul-scrape	2
dead	ADJ	21	mul-scrape	2
difficult	ADJ	2	mul-scrape	2
donde	ADJ	0	mul-scrape	1
easy	ADJ	15	mul-scrape	2
embarrassing	ADJ	4	mul-scrape	2
enough	ADJ	3	mul-scrape	1
excellent	ADJ	1	mul-scrape	1
excited	ADJ	12	mul-scrape	4
extraordinary	ADJ	3	mul-scrape	1
fabulous	ADJ	3	mul-scrape	1
familiar	ADJ	7	mul-scrape	1
famous	ADJ	1	mul-scrape	1
few	ADJ	2	mul-scrape	2
fine	ADJ	10	mul-scrape	4
first	ADJ	16	mul-scrape	1
frightened	ADJ	4	mul-scrape	2
front	ADJ	13	mul-scrape	1
funny	ADJ	5	mul-scrape	2
go	ADJ	35	mul-scrape	1
good	ADJ	27	mul-scrape	33
great	ADJ	7	mul-scrape	5
half	ADJ	6	mul-scrape	2
happy	ADJ	4	mul-scrape	2
hard	ADJ	22	mul-scrape	2
huge	ADJ	1	mul-scrape	1
humanistic	ADJ	4	mul-scrape	1
jitterbug	ADJ	2	mul-scrape	1
lame	ADJ	5	mul-scrape	1
large	ADJ	11	mul-scrape	1
last	ADJ	21	mul-scrape	7
late	ADJ	11	mul-scrape	1
lead	ADJ	31	mul-scrape	3
little	ADJ	10	mul-scrape	7
lovely	ADJ	3	mul-scrape	1
mad	ADJ	4	mul-scrape	1
many	ADJ	1	mul-scrape	3
married	ADJ	5	mul-scrape	1
more	ADJ	5	mul-scrape	6
much	ADJ	7	mul-scrape	4
mute	ADJ	5	mul-scrape	1
my	ADJ	0	mul-scrape	1
nervous	ADJ	5	mul-scrape	2
new	ADJ	12	mul-scrape	1
next	ADJ	4	mul-scrape	3
nice	ADJ	6	mul-scrape	10
obvious	ADJ	1	mul-scrape	2
ok	ADJ	4	mul-scrape	13
okay	ADJ	4	mul-scrape	6
old	ADJ	9	mul-scrape	1
only	ADJ	9	mul-scrape	1
open	ADJ	36	mul-scrape	8
other	ADJ	4	mul-scrape	2
own	ADJ	2	mul-scrape	1
perfect	ADJ	5	mul-scrape	1
pleased	ADJ	5	mul-scrape	6
poor	ADJ	7	mul-scrape	2
pretty	ADJ	3	mul-scrape	2
ready	ADJ	8	mul-scrape	2
real	ADJ	13	mul-scrape	3
red	ADJ	7	mul-scrape	2
regular	ADJ	17	mul-scrape	1
right	ADJ	36	mul-scrape	11
rigid	ADJ	5	mul-scrape	1
same	ADJ	6	mul-scrape	5
scared	ADJ	4	mul-scrape	5
second	ADJ	15	mul-scrape	3
secret	ADJ	14	mul-scrape	1
serious	ADJ	6	mul-scrape	3
small	ADJ	13	mul-scrape	1
smart	ADJ	9	mul-scrape	2
sorry	ADJ	4	mul-scrape	25
stellar	ADJ	2	mul-scrape	1
straight	ADJ	21	mul-scrape	1
strange	ADJ	3	mul-scrape	2
stranger	ADJ	5	mul-scrape	1
sure	ADJ	10	mul-scrape	13
sweet	ADJ	16	mul-scrape	2
terrible	ADJ	4	mul-scrape	2
thinkin	ADJ	0	mul-scrape	3
top	ADJ	22	mul-scrape	2
tough	ADJ	12	mul-scrape	1
true	ADJ	15	mul-scrape	1
unbelievable	ADJ	2	mul-scrape	3
unheard	ADJ	1	mul-scrape	2
unpacked	ADJ	1	mul-scrape	2
unreal	ADJ	4	mul-scrape	2
unrelated	ADJ	2	mul-scrape	2
upset	ADJ	17	mul-scrape	1
welcome	ADJ	6	mul-scrape	1
well	ADJ	22	mul-scrape	1
wild	ADJ	17	mul-scrape	1
wrong	ADJ	13	mul-scrape	5
young	ADJ	14	mul-scrape	1
able	ADJ	4	eraserhead-script	1
afraid	ADJ	4	eraserhead-script	1
bad	ADJ	17	eraserhead-script	1
clever	ADJ	3	eraserhead-script	2
cold	ADJ	16	eraserhead-script	1
damn	ADJ	5	eraserhead-script	4
decent	ADJ	7	eraserhead-script	1
fine	ADJ	10	eraserhead-script	6
good	ADJ	27	eraserhead-script	4
happy	ADJ	4	eraserhead-script	1
hungry	ADJ	2	eraserhead-script	1
impossible	ADJ	4	eraserhead-script	1
late	ADJ	11	eraserhead-script	2
little	ADJ	10	eraserhead-script	2
married	ADJ	5	eraserhead-script	1
mighty	ADJ	2	eraserhead-script	1
much	ADJ	7	eraserhead-script	1
nervous	ADJ	5	eraserhead-script	1
new	ADJ	12	eraserhead-script	1
nice	ADJ	6	eraserhead-script	1
numb	ADJ	4	eraserhead-script	1
okay	ADJ	4	eraserhead-script	1
pleased	ADJ	5	eraserhead-script	1
premature	ADJ	3	eraserhead-script	1
ready	ADJ	8	eraserhead-script	1
real	ADJ	13	eraserhead-script	1
regular	ADJ	17	eraserhead-script	2
right	ADJ	36	eraserhead-script	1
sexual	ADJ	3	eraserhead-script	2
sick	ADJ	9	eraserhead-script	1
small	ADJ	13	eraserhead-script	1
sorry	ADJ	4	eraserhead-script	2
strange	ADJ	3	eraserhead-script	1
sure	ADJ	10	eraserhead-script	4
1st	ADJ	1	og-memo-scrape	1
3rd	ADJ	1	og-memo-scrape	1
8th	ADJ	1	og-memo-scrape	1
=	ADJ	0	og-memo-scrape	4
able	ADJ	4	og-memo-scrape	1
above	ADJ	4	og-memo-scrape	2
afraid	ADJ	4	og-memo-scrape	3
alone	ADJ	6	og-memo-scrape	3
ancient	ADJ	4	og-memo-scrape	3
angry	ADJ	3	og-memo-scrape	1
bad	ADJ	17	og-memo-scrape	1
beautiful	ADJ	2	og-memo-scrape	3
bitter	ADJ	12	og-memo-scrape	2
black	ADJ	22	og-memo-scrape	1
bloated	ADJ	2	og-memo-scrape	1
bloodthirsty	ADJ	1	og-memo-scrape	1
blue	ADJ	16	og-memo-scrape	1
bodily	ADJ	4	og-memo-scrape	1
bold	ADJ	4	og-memo-scrape	2
bright	ADJ	11	og-memo-scrape	1
brutal	ADJ	4	og-memo-scrape	1
busy	ADJ	6	og-memo-scrape	2
calm	ADJ	8	og-memo-scrape	1
certain	ADJ	7	og-memo-scrape	1
clear	ADJ	45	og-memo-scrape	2
close	ADJ	37	og-memo-scrape	1
common	ADJ	10	og-memo-scrape	1
crazy	ADJ	6	og-memo-scrape	2
dangerous	ADJ	2	og-memo-scrape	2
dark	ADJ	16	og-memo-scrape	1
dead	ADJ	21	og-memo-scrape	10
dear	ADJ	8	og-memo-scrape	1
deceased	ADJ	3	og-memo-scrape	1
deep	ADJ	21	og-memo-scrape	1
different	ADJ	5	og-memo-scrape	6
difficult	ADJ	2	og-memo-scrape	1
distant	ADJ	5	og-memo-scrape	2
drugged	ADJ	3	og-memo-scrape	1
embarrassed	ADJ	4	og-memo-scrape	1
empty	ADJ	10	og-memo-scrape	1
enough	ADJ	3	og-memo-scrape	1
eternal	ADJ	2	og-memo-scrape	7
evil	ADJ	6	og-memo-scrape	1
exact	ADJ	4	og-memo-scrape	1
excited	ADJ	12	og-memo-scrape	1
extensive	ADJ	3	og-memo-scrape	1
extreme	ADJ	6	og-memo-scrape	1
fear	ADJ	8	og-memo-scrape	1
fearless	ADJ	2	og-memo-scrape	1
few	ADJ	2	og-memo-scrape	3
first	ADJ	16	og-memo-scrape	6
fo_______________hat	ADJ	0	og-memo-scrape	1
foolish	ADJ	2	og-memo-scrape	1
free	ADJ	22	og-memo-scrape	1
fresh	ADJ	13	og-memo-scrape	1
glad	ADJ	5	og-memo-scrape	1
good	ADJ	27	og-memo-scrape	4
gorgeous	ADJ	1	og-memo-scrape	1
grave	ADJ	8	og-memo-scrape	1
great	ADJ	7	og-memo-scrape	2
grey	ADJ	13	og-memo-scrape	1
guilty	ADJ	2	og-memo-scrape	1
happy	ADJ	4	og-memo-scrape	8
hard	ADJ	22	og-memo-scrape	8
hazy	ADJ	2	og-memo-scrape	1
healthy	ADJ	5	og-memo-scrape	1
hearken	ADJ	1	og-memo-scrape	1
heartless	ADJ	2	og-memo-scrape	1
high	ADJ	18	og-memo-scrape	1
holy	ADJ	2	og-memo-scrape	2
hot	ADJ	21	og-memo-scrape	1
human	ADJ	4	og-memo-scrape	2
hungry	ADJ	2	og-memo-scrape	1
ill	ADJ	9	og-memo-scrape	1
important	ADJ	5	og-memo-scrape	2
innocent	ADJ	8	og-memo-scrape	2
insane	ADJ	2	og-memo-scrape	1
intersect	ADJ	1	og-memo-scrape	1
last	ADJ	21	og-memo-scrape	7
late	ADJ	11	og-memo-scrape	1
latter	ADJ	2	og-memo-scrape	1
least	ADJ	3	og-memo-scrape	1
left	ADJ	24	og-memo-scrape	3
legible	ADJ	1	og-memo-scrape	3
less	ADJ	5	og-memo-scrape	1
little	ADJ	10	og-memo-scrape	5
loathsome	ADJ	2	og-memo-scrape	1
long	ADJ	12	og-memo-scrape	2
low	ADJ	16	og-memo-scrape	1
lucky	ADJ	3	og-memo-scrape	1
main	ADJ	5	og-memo-scrape	1
many	ADJ	1	og-memo-scrape	7
meaningless	ADJ	1	og-memo-scrape	2
merciless	ADJ	1	og-memo-scrape	1
more	ADJ	5	og-memo-scrape	3
most	ADJ	5	og-memo-scrape	1
multiple	ADJ	2	og-memo-scrape	2
nasty	ADJ	4	og-memo-scrape	1
natural	ADJ	13	og-memo-scrape	2
necessary	ADJ	3	og-memo-scrape	1
next	ADJ	4	og-memo-scrape	3
nice	ADJ	6	og-memo-scrape	2
normal	ADJ	5	og-memo-scrape	1
numeral	ADJ	2	og-memo-scrape	1
numerous	ADJ	1	og-memo-scrape	1
obvious	ADJ	1	og-memo-scrape	1
old	ADJ	9	og-memo-scrape	5
only	ADJ	9	og-memo-scrape	1
open	ADJ	36	og-memo-scrape	1
optimistic	ADJ	2	og-memo-scrape	1
original	ADJ	6	og-memo-scrape	1
other	ADJ	4	og-memo-scrape	8
own	ADJ	2	og-memo-scrape	4
paranoid	ADJ	2	og-memo-scrape	1
past	ADJ	6	og-memo-scrape	1
pathetic	ADJ	3	og-memo-scrape	2
patient	ADJ	3	og-memo-scrape	1
peaceful	ADJ	2	og-memo-scrape	3
pleasant	ADJ	2	og-memo-scrape	1
poor	ADJ	7	og-memo-scrape	1
positive	ADJ	13	og-memo-scrape	1
potent	ADJ	4	og-memo-scrape	1
precious	ADJ	5	og-memo-scrape	1
probable	ADJ	3	og-memo-scrape	2
proud	ADJ	2	og-memo-scrape	2
psychotic	ADJ	2	og-memo-scrape	1
public	ADJ	4	og-memo-scrape	1
quaint	ADJ	3	og-memo-scrape	1
quiet	ADJ	13	og-memo-scrape	3
random	ADJ	1	og-memo-scrape	2
randomized	ADJ	2	og-memo-scrape	1
real	ADJ	13	og-memo-scrape	1
red	ADJ	7	og-memo-scrape	1
restful	ADJ	1	og-memo-scrape	1
reversible	ADJ	5	og-memo-scrape	1
right	ADJ	36	og-memo-scrape	2
ripe	ADJ	5	og-memo-scrape	1
roman	ADJ	7	og-memo-scrape	1
sacred	ADJ	5	og-memo-scrape	2
sacrificial	ADJ	1	og-memo-scrape	1
sated	ADJ	1	og-memo-scrape	1
secret	ADJ	14	og-memo-scrape	1
selfish	ADJ	1	og-memo-scrape	1
shameful	ADJ	2	og-memo-scrape	1
short	ADJ	23	og-memo-scrape	2
sick	ADJ	9	og-memo-scrape	3
silent	ADJ	6	og-memo-scrape	3
sinful	ADJ	3	og-memo-scrape	1
single	ADJ	10	og-memo-scrape	3
sinless	ADJ	1	og-memo-scrape	1
sinn	ADJ	0	og-memo-scrape	1
slow	ADJ	11	og-memo-scrape	1
small	ADJ	13	og-memo-scrape	1
sorry	ADJ	4	og-memo-scrape	2
sour	ADJ	11	og-memo-scrape	1
speaketh	ADJ	0	og-memo-scrape	1
special	ADJ	10	og-memo-scrape	2
static	ADJ	5	og-memo-scrape	2
strange	ADJ	3	og-memo-scrape	3
strayed	ADJ	3	og-memo-scrape	1
strong	ADJ	10	og-memo-scrape	3
stupid	ADJ	4	og-memo-scrape	1
such	ADJ	2	og-memo-scrape	1
sudden	ADJ	1	og-memo-scrape	1
sure	ADJ	10	og-memo-scrape	1
surly	ADJ	1	og-memo-scrape	1
swamp	ADJ	4	og-memo-scrape	2
sweet	ADJ	16	og-memo-scrape	2
t_____tive	ADJ	0	og-memo-scrape	1
tall	ADJ	5	og-memo-scrape	1
tame	ADJ	9	og-memo-scrape	1
tern	ADJ	1	og-memo-scrape	2
terrible	ADJ	4	og-memo-scrape	1
thin	ADJ	13	og-memo-scrape	1
thou	ADJ	1	og-memo-scrape	2
tiny	ADJ	1	og-memo-scrape	1
tough	ADJ	12	og-memo-scrape	1
true	ADJ	15	og-memo-scrape	8
typical	ADJ	3	og-memo-scrape	1
ugly	ADJ	4	og-memo-scrape	2
uneasy	ADJ	5	og-memo-scrape	1
uneducated	ADJ	1	og-memo-scrape	1
unfair	ADJ	1	og-memo-scrape	1
unknown	ADJ	8	og-memo-scrape	2
unsavory	ADJ	2	og-memo-scrape	1
untouched	ADJ	4	og-memo-scrape	2
useless	ADJ	1	og-memo-scrape	1
usual	ADJ	2	og-memo-scrape	1
very	ADJ	4	og-memo-scrape	1
violent	ADJ	5	og-memo-scrape	2
weak	ADJ	12	og-memo-scrape	1
welcome	ADJ	6	og-memo-scrape	1
well	ADJ	22	og-memo-scrape	5
white	ADJ	25	og-memo-scrape	3
whole	ADJ	8	og-memo-scrape	1
wide	ADJ	11	og-memo-scrape	1
willing	ADJ	6	og-memo-scrape	1
wonderful	ADJ	1	og-memo-scrape	1
x	ADJ	4	og-memo-scrape	1
yellow	ADJ	8	og-memo-scrape	1
young	ADJ	14	og-memo-scrape	1
3rd	ADJ	1	game-dialogue	1
8th	ADJ	1	game-dialogue	1
Least	ADJ	3	game-dialogue	1
able	ADJ	4	game-dialogue	3
about	ADJ	8	game-dialogue	1
adjacent	ADJ	3	game-dialogue	1
afraid	ADJ	4	game-dialogue	4
alive	ADJ	7	game-dialogue	10
alone	ADJ	6	game-dialogue	5
alternate	ADJ	10	game-dialogue	1
back	ADJ	28	game-dialogue	1
bad	ADJ	17	game-dialogue	7
beautiful	ADJ	2	game-dialogue	2
big	ADJ	17	game-dialogue	4
black	ADJ	22	game-dialogue	7
blind	ADJ	10	game-dialogue	1
bloody	ADJ	4	game-dialogue	1
careful	ADJ	5	game-dialogue	4
central	ADJ	3	game-dialogue	1
clear	ADJ	45	game-dialogue	1
colorful	ADJ	3	game-dialogue	1
comfy	ADJ	1	game-dialogue	1
computerized	ADJ	3	game-dialogue	1
concrete	ADJ	5	game-dialogue	1
confused	ADJ	10	game-dialogue	1
crazy	ADJ	6	game-dialogue	1
cute	ADJ	2	game-dialogue	1
damn	ADJ	5	game-dialogue	2
dangerous	ADJ	2	game-dialogue	3
dark	ADJ	16	game-dialogue	2
dead	ADJ	21	game-dialogue	21
deaf	ADJ	4	game-dialogue	1
dear	ADJ	8	game-dialogue	1
deep	ADJ	21	game-dialogue	1
deserted	ADJ	4	game-dialogue	1
different	ADJ	5	game-dialogue	4
dirty	ADJ	13	game-dialogue	1
disgusting	ADJ	3	game-dialogue	3
double	ADJ	21	game-dialogue	1
dry	ADJ	19	game-dialogue	1
dumb	ADJ	4	game-dialogue	1
easy	ADJ	15	game-dialogue	2
effective	ADJ	6	game-dialogue	1
empty	ADJ	10	game-dialogue	2
enough	ADJ	3	game-dialogue	4
entire	ADJ	5	game-dialogue	2
exciting	ADJ	10	game-dialogue	1
fast	ADJ	15	game-dialogue	1
fat	ADJ	9	game-dialogue	4
female	ADJ	5	game-dialogue	1
few	ADJ	2	game-dialogue	2
fiery	ADJ	3	game-dialogue	1
final	ADJ	5	game-dialogue	6
fine	ADJ	10	game-dialogue	6
first	ADJ	16	game-dialogue	3
foggy	ADJ	4	game-dialogue	1
forgetful	ADJ	3	game-dialogue	1
front	ADJ	13	game-dialogue	2
full	ADJ	13	game-dialogue	1
fun	ADJ	4	game-dialogue	1
funny	ADJ	5	game-dialogue	1
glad	ADJ	5	game-dialogue	1
good	ADJ	27	game-dialogue	2
grainy	ADJ	1	game-dialogue	2
great	ADJ	7	game-dialogue	1
green	ADJ	14	game-dialogue	1
gritty	ADJ	2	game-dialogue	1
gruesome	ADJ	1	game-dialogue	2
gutless	ADJ	2	game-dialogue	1
happy	ADJ	4	game-dialogue	2
hard	ADJ	22	game-dialogue	4
haunted	ADJ	6	game-dialogue	1
holy	ADJ	2	game-dialogue	1
honest	ADJ	7	game-dialogue	2
hot	ADJ	21	game-dialogue	1
huh	ADJ	0	game-dialogue	2
human	ADJ	4	game-dialogue	4
ill	ADJ	9	game-dialogue	1
important	ADJ	5	game-dialogue	2
impossible	ADJ	4	game-dialogue	2
innocent	ADJ	8	game-dialogue	1
insane	ADJ	2	game-dialogue	4
jokin	ADJ	0	game-dialogue	1
key	ADJ	21	game-dialogue	1
kind	ADJ	4	game-dialogue	1
large	ADJ	11	game-dialogue	3
last	ADJ	21	game-dialogue	9
late	ADJ	11	game-dialogue	2
laughin	ADJ	0	game-dialogue	1
left	ADJ	24	game-dialogue	2
less	ADJ	5	game-dialogue	1
limp	ADJ	5	game-dialogue	2
little	ADJ	10	game-dialogue	27
long	ADJ	12	game-dialogue	11
lookin	ADJ	0	game-dialogue	1
lost	ADJ	21	game-dialogue	1
loud	ADJ	4	game-dialogue	3
lucky	ADJ	3	game-dialogue	1
mad	ADJ	4	game-dialogue	1
magic	ADJ	3	game-dialogue	1
middle	ADJ	9	game-dialogue	1
more	ADJ	5	game-dialogue	2
motionless	ADJ	1	game-dialogue	1
much	ADJ	7	game-dialogue	2
narrow	ADJ	10	game-dialogue	1
necessary	ADJ	3	game-dialogue	1
nervous	ADJ	5	game-dialogue	1
next	ADJ	4	game-dialogue	2
nice	ADJ	6	game-dialogue	3
nuts	ADJ	9	game-dialogue	1
n’t	ADJ	0	game-dialogue	1
obvious	ADJ	1	game-dialogue	1
okay	ADJ	4	game-dialogue	16
old	ADJ	9	game-dialogue	6
only	ADJ	9	game-dialogue	5
open	ADJ	36	game-dialogue	1
opposite	ADJ	11	game-dialogue	2
optional	ADJ	1	game-dialogue	6
other	ADJ	4	game-dialogue	16
own	ADJ	2	game-dialogue	2
peaceful	ADJ	2	game-dialogue	2
pretty	ADJ	3	game-dialogue	1
quiet	ADJ	13	game-dialogue	3
random	ADJ	1	game-dialogue	1
ready	ADJ	8	game-dialogue	1
real	ADJ	13	game-dialogue	2
rear	ADJ	11	game-dialogue	1
red	ADJ	7	game-dialogue	2
ridiculous	ADJ	3	game-dialogue	3
right	ADJ	36	game-dialogue	12
round	ADJ	25	game-dialogue	1
sacred	ADJ	5	game-dialogue	1
sad	ADJ	3	game-dialogue	2
safe	ADJ	7	game-dialogue	1
same	ADJ	6	game-dialogue	5
satisfied	ADJ	5	game-dialogue	1
scared	ADJ	4	game-dialogue	4
scrambled	ADJ	6	game-dialogue	1
second	ADJ	15	game-dialogue	9
several	ADJ	3	game-dialogue	6
shaky	ADJ	3	game-dialogue	1
short	ADJ	23	game-dialogue	4
sick	ADJ	9	game-dialogue	4
silent	ADJ	6	game-dialogue	1
silly	ADJ	5	game-dialogue	1
small	ADJ	13	game-dialogue	10
smart	ADJ	9	game-dialogue	1
sorry	ADJ	4	game-dialogue	19
special	ADJ	10	game-dialogue	6
staticy	ADJ	0	game-dialogue	2
strange	ADJ	3	game-dialogue	13
stupid	ADJ	4	game-dialogue	1
such	ADJ	2	game-dialogue	1
sudden	ADJ	1	game-dialogue	1
sure	ADJ	10	game-dialogue	6
surly	ADJ	1	game-dialogue	1
sweet	ADJ	16	game-dialogue	1
tedious	ADJ	2	game-dialogue	1
terrible	ADJ	4	game-dialogue	1
third	ADJ	8	game-dialogue	4
thrilling	ADJ	6	game-dialogue	1
tired	ADJ	6	game-dialogue	5
torn	ADJ	7	game-dialogue	1
true	ADJ	15	game-dialogue	8
ugly	ADJ	4	game-dialogue	2
unable	ADJ	3	game-dialogue	1
unclear	ADJ	3	game-dialogue	1
underwater	ADJ	2	game-dialogue	1
unhurt	ADJ	2	game-dialogue	1
unlocked	ADJ	4	game-dialogue	1
unlucky	ADJ	2	game-dialogue	1
unreachable	ADJ	1	game-dialogue	3
unwrapped	ADJ	3	game-dialogue	1
various	ADJ	4	game-dialogue	2
vile	ADJ	2	game-dialogue	1
warm	ADJ	13	game-dialogue	1
weak	ADJ	12	game-dialogue	1
weird	ADJ	3	game-dialogue	1
well	ADJ	22	game-dialogue	2
white	ADJ	25	game-dialogue	4
whole	ADJ	8	game-dialogue	7
wooden	ADJ	2	game-dialogue	1
worth	ADJ	5	game-dialogue	1
wrong	ADJ	13	game-dialogue	5
’s	ADJ	0	game-dialogue	1
